syndrome_dec,syndrome_hex,syndrome_bin,flip_mask_bin,weight,indices
1,0x0001,0000000000000001,000000000000000100000000000000000000000000000000,1,32
2,0x0002,0000000000000010,000000000000001000000000000000000000000000000000,1,33
3,0x0003,0000000000000011,000000000000001100000000000000000000000000000000,2,32;33
4,0x0004,0000000000000100,000000000000010000000000000000000000000000000000,1,34
5,0x0005,0000000000000101,000000000000010100000000000000000000000000000000,2,32;34
6,0x0006,0000000000000110,000000000000011000000000000000000000000000000000,2,33;34
7,0x0007,0000000000000111,000000000000011100000000000000000000000000000000,3,32;33;34
8,0x0008,0000000000001000,000000000000100000000000000000000000000000000000,1,35
9,0x0009,0000000000001001,000000000000100100000000000000000000000000000000,2,32;35
10,0x000A,0000000000001010,000000000000101000000000000000000000000000000000,2,33;35
11,0x000B,0000000000001011,000000000000101100000000000000000000000000000000,3,32;33;35
12,0x000C,0000000000001100,000000000000110000000000000000000000000000000000,2,34;35
13,0x000D,0000000000001101,000000000000110100000000000000000000000000000000,3,32;34;35
14,0x000E,0000000000001110,000000000000111000000000000000000000000000000000,3,33;34;35
15,0x000F,0000000000001111,000000000000111100000000000000000000000000000000,4,32;33;34;35
16,0x0010,0000000000010000,000000000001000000000000000000000000000000000000,1,36
18,0x0012,0000000000010010,000000000001001000000000000000000000000000000000,2,33;36
20,0x0014,0000000000010100,000000000001010000000000000000000000000000000000,2,34;36
22,0x0016,0000000000010110,000000000001011000000000000000000000000000000000,3,33;34;36
24,0x0018,0000000000011000,000000000001100000000000000000000000000000000000,2,35;36
26,0x001A,0000000000011010,000000000001101000000000000000000000000000000000,3,33;35;36
28,0x001C,0000000000011100,000000000001110000000000000000000000000000000000,3,34;35;36
30,0x001E,0000000000011110,000000000001111000000000000000000000000000000000,4,33;34;35;36
32,0x0020,0000000000100000,000000000010000000000000000000000000000000000000,1,37
36,0x0024,0000000000100100,000000000010010000000000000000000000000000000000,2,34;37
40,0x0028,0000000000101000,000000000010100000000000000000000000000000000000,2,35;37
44,0x002C,0000000000101100,000000000010110000000000000000000000000000000000,3,34;35;37
48,0x0030,0000000000110000,000000000011000000000000000000000000000000000000,2,36;37
52,0x0034,0000000000110100,000000000011010000000000000000000000000000000000,3,34;36;37
56,0x0038,0000000000111000,000000000011100000000000000000000000000000000000,3,35;36;37
60,0x003C,0000000000111100,000000000011110000000000000000000000000000000000,4,34;35;36;37
64,0x0040,0000000001000000,000000000100000000000000000000000000000000000000,1,38
72,0x0048,0000000001001000,000000000100100000000000000000000000000000000000,2,35;38
80,0x0050,0000000001010000,000000000101000000000000000000000000000000000000,2,36;38
88,0x0058,0000000001011000,000000000101100000000000000000000000000000000000,3,35;36;38
96,0x0060,0000000001100000,000000000110000000000000000000000000000000000000,2,37;38
104,0x0068,0000000001101000,000000000110100000000000000000000000000000000000,3,35;37;38
112,0x0070,0000000001110000,000000000111000000000000000000000000000000000000,3,36;37;38
120,0x0078,0000000001111000,000000000111100000000000000000000000000000000000,4,35;36;37;38
128,0x0080,0000000010000000,000000001000000000000000000000000000000000000000,1,39
144,0x0090,0000000010010000,000000001001000000000000000000000000000000000000,2,36;39
160,0x00A0,0000000010100000,000000001010000000000000000000000000000000000000,2,37;39
176,0x00B0,0000000010110000,000000001011000000000000000000000000000000000000,3,36;37;39
192,0x00C0,0000000011000000,000000001100000000000000000000000000000000000000,2,38;39
208,0x00D0,0000000011010000,000000001101000000000000000000000000000000000000,3,36;38;39
224,0x00E0,0000000011100000,000000001110000000000000000000000000000000000000,3,37;38;39
240,0x00F0,0000000011110000,000000001111000000000000000000000000000000000000,4,36;37;38;39
256,0x0100,0000000100000000,000000010000000000000000000000000000000000000000,1,40
288,0x0120,0000000100100000,000000010010000000000000000000000000000000000000,2,37;40
317,0x013D,0000000100111101,000000000000000000000000000001000000000000000000,1,18
320,0x0140,0000000101000000,000000010100000000000000000000000000000000000000,2,38;40
352,0x0160,0000000101100000,000000010110000000000000000000000000000000000000,3,37;38;40
384,0x0180,0000000110000000,000000011000000000000000000000000000000000000000,2,39;40
416,0x01A0,0000000110100000,000000011010000000000000000000000000000000000000,3,37;39;40
448,0x01C0,0000000111000000,000000011100000000000000000000000000000000000000,3,38;39;40
480,0x01E0,0000000111100000,000000011110000000000000000000000000000000000000,4,37;38;39;40
490,0x01EA,0000000111101010,000000000000000000000000000000001010000000000000,2,13;15
512,0x0200,0000001000000000,000000100000000000000000000000000000000000000000,1,41
576,0x0240,0000001001000000,000000100100000000000000000000000000000000000000,2,38;41
640,0x0280,0000001010000000,000000101000000000000000000000000000000000000000,2,39;41
704,0x02C0,0000001011000000,000000101100000000000000000000000000000000000000,3,38;39;41
768,0x0300,0000001100000000,000000110000000000000000000000000000000000000000,2,40;41
795,0x031B,0000001100011011,000000000000000000000001110000000000000000000000,3,22;23;24
832,0x0340,0000001101000000,000000110100000000000000000000000000000000000000,3,38;40;41
896,0x0380,0000001110000000,000000111000000000000000000000000000000000000000,3,39;40;41
960,0x03C0,0000001111000000,000000111100000000000000000000000000000000000000,4,38;39;40;41
1024,0x0400,0000010000000000,000001000000000000000000000000000000000000000000,1,42
1031,0x0407,0000010000000111,000000000000000000000000000000000000000010010000,2,4;7
1152,0x0480,0000010010000000,000001001000000000000000000000000000000000000000,2,39;42
1280,0x0500,0000010100000000,000001010000000000000000000000000000000000000000,2,40;42
1408,0x0580,0000010110000000,000001011000000000000000000000000000000000000000,3,39;40;42
1536,0x0600,0000011000000000,000001100000000000000000000000000000000000000000,2,41;42
1617,0x0651,0000011001010001,000000000000000000000000000000000000000000101100,3,2;3;5
1664,0x0680,0000011010000000,000001101000000000000000000000000000000000000000,3,39;41;42
1688,0x0698,0000011010011000,000000000000000000000000000000000000000000000001,1,0
1768,0x06E8,0000011011101000,000000000000000000000000000000000000000110100000,3,5;7;8
1792,0x0700,0000011100000000,000001110000000000000000000000000000000000000000,3,40;41;42
1920,0x0780,0000011110000000,000001111000000000000000000000000000000000000000,4,39;40;41;42
2048,0x0800,0000100000000000,000010000000000000000000000000000000000000000000,1,43
2304,0x0900,0000100100000000,000010010000000000000000000000000000000000000000,2,40;43
2405,0x0965,0000100101100101,000000000000000000000000000000000000000000000111,3,0;1;2
2560,0x0A00,0000101000000000,000010100000000000000000000000000000000000000000,2,41;43
2658,0x0A62,0000101001100010,000000000000000000001000000000000000000000000000,1,27
2816,0x0B00,0000101100000000,000010110000000000000000000000000000000000000000,3,40;41;43
2985,0x0BA9,0000101110101001,000000000000000000000000000000000000001011000000,3,6;7;9
3072,0x0C00,0000110000000000,000011000000000000000000000000000000000000000000,2,42;43
3328,0x0D00,0000110100000000,000011010000000000000000000000000000000000000000,3,40;42;43
3584,0x0E00,0000111000000000,000011100000000000000000000000000000000000000000,3,41;42;43
3840,0x0F00,0000111100000000,000011110000000000000000000000000000000000000000,4,40;41;42;43
4093,0x0FFD,0000111111111101,000000000000000000000000000000000000000000000110,2,1;2
4096,0x1000,0001000000000000,000100000000000000000000000000000000000000000000,1,44
4190,0x105E,0001000001011110,000000000000000000000000000000000000000001000000,1,6
4608,0x1200,0001001000000000,000100100000000000000000000000000000000000000000,2,41;44
5120,0x1400,0001010000000000,000101000000000000000000000000000000000000000000,2,42;44
5121,0x1401,0001010000000001,000000000000000000000000100100000000000000000000,2,20;23
5209,0x1459,0001010001011001,000000000000000000000000000000000000000011010000,3,4;6;7
5632,0x1600,0001011000000000,000101100000000000000000000000000000000000000000,3,41;42;44
5694,0x163E,0001011000111110,000000000000000000000000000001001000000000000000,2,15;18
5814,0x16B6,0001011010110110,000000000000000000000000000000000000000111100000,4,5;6;7;8
5865,0x16E9,0001011011101001,000000000000000000000000000000000010000000000000,1,13
5891,0x1703,0001011100000011,000000000000000000000000000000001000000000000000,1,15
5964,0x174C,0001011101001100,000000000000000000001101000000000000000000000000,3,24;26;27
6144,0x1800,0001100000000000,000110000000000000000000000000000000000000000000,2,43;44
6593,0x19C1,0001100111000001,000000000000000000000000000000000000111000000000,3,9;10;11
6656,0x1A00,0001101000000000,000110100000000000000000000000000000000000000000,3,41;43;44
6870,0x1AD6,0001101011010110,000000000000000000000000010110000000000000000000,3,19;20;22
7159,0x1BF7,0001101111110111,000000000000000000000000000000000000001010000000,2,7;9
7168,0x1C00,0001110000000000,000111000000000000000000000000000000000000000000,3,42;43;44
7470,0x1D2E,0001110100101110,000000000000000000000101000000000000000000000000,2,24;26
7680,0x1E00,0001111000000000,000111100000000000000000000000000000000000000000,4,41;42;43;44
7798,0x1E76,0001111001110110,000000000000000010110000000000000000000000000000,3,28;29;31
8192,0x2000,0010000000000000,001000000000000000000000000000000000000000000000,1,45
8355,0x20A3,0010000010100011,000000000000000000000000010010000000000000000000,2,19;22
9098,0x238A,0010001110001010,000000000000000000000000000000000000011100000000,3,8;9;10
9216,0x2400,0010010000000000,001001000000000000000000000000000000000000000000,2,42;45
9439,0x24DF,0010010011011111,000000000000000000010100000000000000000000000000,2,26;28
10027,0x272B,0010011100101011,000000000000000000000000000000000001011000000000,3,9;10;12
10186,0x27CA,0010011111001010,000000000000000011010000000000000000000000000000,3,28;30;31
10240,0x2800,0010100000000000,001010000000000000000000000000000000000000000000,2,43;45
10243,0x2803,0010100000000011,000000000000000000000000000000000011100000000000,3,11;12;13
11264,0x2C00,0010110000000000,001011000000000000000000000000000000000000000000,3,42;43;45
11631,0x2D6F,0010110101101111,000000000000000000000001010000000000000000000000,2,22;24
11892,0x2E74,0010111001110100,000000000000000000000000100000000000000000000000,1,23
11896,0x2E78,0010111001111000,000000000000000000000000000000111000000000000000,3,15;16;17
11965,0x2EBD,0010111010111101,000000000000000000011100000000000000000000000000,3,26;27;28
12084,0x2F34,0010111100110100,000000000000000000000000000000000000000001001000,2,3;6
12101,0x2F45,0010111101000101,000000000000000000000000000001111000000000000000,4,15;16;17;18
12288,0x3000,0011000000000000,001100000000000000000000000000000000000000000000,2,44;45
12439,0x3097,0011000010010111,000000000000000000000000000000000000000000001110,3,1;2;3
13146,0x335A,0011001101011010,000000000000000000000101100000000000000000000000,3,23;24;26
13278,0x33DE,0011001111011110,000000000000000001101000000000000000000000000000,3,27;29;30
13312,0x3400,0011010000000000,001101000000000000000000000000000000000000000000,3,42;44;45
13839,0x360F,0011011000001111,000000000000000000000000000000000000000000001111,4,0;1;2;3
14336,0x3800,0011100000000000,001110000000000000000000000000000000000000000000,3,43;44;45
14406,0x3846,0011100001000110,000000000000000000000000000001110000000000000000,3,16;17;18
14461,0x387D,0011100001111101,000000000000000000000000000000000000010110000000,3,7;8;10
14651,0x393B,0011100100111011,000000000000000000000000000000000000000000100100,2,2;5
14715,0x397B,0011100101111011,000000000000000000000000000000110000000000000000,2,16;17
14780,0x39BC,0011100110111100,000000000000000001100000000000000000000000000000,2,29;30
14781,0x39BD,0011100110111101,000000000000000101100000000000000000000000000000,3,29;30;32
14834,0x39F2,0011100111110010,000000000000000000000000000000000000000000001001,2,0;3
14923,0x3A4B,0011101001001011,000000000000000000000000000000000000100100000000,2,8;11
14965,0x3A75,0011101001110101,000000000000000000000000000100000000000000000000,1,20
15176,0x3B48,0011101101001000,000000000000000000000000000101000000000000000000,2,18;20
15360,0x3C00,0011110000000000,001111000000000000000000000000000000000000000000,4,42;43;44;45
16106,0x3EEA,0011111011101010,000000000000000000000000000000000001100000000000,2,11;12
16234,0x3F6A,0011111101101010,000000000000000000000000000000000000000000001000,1,3
16384,0x4000,0100000000000000,010000000000000000000000000000000000000000000000,1,46
16491,0x406B,0100000001101011,000000000000000000000000000000000000001110000000,3,7;8;9
16840,0x41C8,0100000111001000,000000000000000000000000101100000000000000000000,3,20;21;23
16989,0x425D,0100001001011101,000000000000000000000000000000000000111100000000,4,8;9;10;11
17805,0x458D,0100010110001101,000000000000000000010110000000000000000000000000,3,25;26;28
18172,0x46FC,0100011011111100,000000000000000000000000000000000001111000000000,4,9;10;11;12
18432,0x4800,0100100000000000,010010000000000000000000000000000000000000000000,2,43;46
18494,0x483E,0100100000111110,000000000000000000000000000000001001000000000000,2,12;15
18733,0x492D,0100100100101101,000000000000000000000000000000000000000001110000,3,4;5;6
18900,0x49D4,0100100111010100,000000000000000000000000000000000011000000000000,2,12;13
19394,0x4BC2,0100101111000010,000000000000000000000000000000000000000101000000,2,6;8
19517,0x4C3D,0100110000111101,000000000000000000000011010000000000000000000000,3,22;24;25
19680,0x4CE0,0100110011100000,000000000000000000000000000001100000000000000000,2,17;18
19754,0x4D2A,0100110100101010,000000000000000000000000000000000000000011100000,3,5;6;7
19933,0x4DDD,0100110111011101,000000000000000000000000000000100000000000000000,1,17
20255,0x4F1F,0100111100011111,000000000000000000000000011110000000000000000000,4,19;20;21;22
20262,0x4F26,0100111100100110,000000000000000000000010100000000000000000000000,2,23;25
20288,0x4F40,0100111101000000,000000000000010110000000000000000000000000000000,3,31;32;34
20289,0x4F41,0100111101000001,000000000000010010000000000000000000000000000000,2,31;34
20290,0x4F42,0100111101000010,000000000000011110000000000000000000000000000000,4,31;32;33;34
20291,0x4F43,0100111101000011,000000000000011010000000000000000000000000000000,3,31;33;34
20292,0x4F44,0100111101000100,000000000000000110000000000000000000000000000000,2,31;32
20293,0x4F45,0100111101000101,000000000000000010000000000000000000000000000000,1,31
20294,0x4F46,0100111101000110,000000000000001110000000000000000000000000000000,3,31;32;33
20295,0x4F47,0100111101000111,000000000000001010000000000000000000000000000000,2,31;33
20463,0x4FEF,0100111111101111,000000000000000000011110000000000000000000000000,4,25;26;27;28
20480,0x5000,0101000000000000,010100000000000000000000000000000000000000000000,2,44;46
20533,0x5035,0101000000110101,000000000000000000000000000000000000001111000000,4,6;7;8;9
20703,0x50DF,0101000011011111,000000000000000000000000000000000000000000011010,3,1;3;4
20787,0x5133,0101000100110011,000000000000000000110000000000000000000000000000,2,28;29
21000,0x5208,0101001000001000,000000000000000000000111100000000000000000000000,4,23;24;25;26
21748,0x54F4,0101010011110100,000000000000000000000000001001000000000000000000,2,18;21
21961,0x55C9,0101010111001001,000000000000000000000000001000000000000000000000,1,21
22226,0x56D2,0101011011010010,000000000000000000000001111000000000000000000000,4,21;22;23;24
22528,0x5800,0101100000000000,010110000000000000000000000000000000000000000000,3,43;44;46
22899,0x5973,0101100101110011,000000000000000000000000000000000000000000110000,2,4;5
23262,0x5ADE,0101101011011110,000000000000000000000000000000101000000000000000,2,15;17
23377,0x5B51,0101101101010001,000000000000000000111000000000000000000000000000,3,27;28;29
23452,0x5B9C,0101101110011100,000000000000000000000000000000000000000100000000,1,8
23523,0x5BE3,0101101111100011,000000000000000000000000000001101000000000000000,3,15;17;18
23924,0x5D74,0101110101110100,000000000000000000000000000000000000000010100000,2,5;7
24279,0x5ED7,0101111011010111,000000000000000000000000000000001011000000000000,3,12;13;15
24354,0x5F22,0101111100100010,000000000000000000000000000000000000000000011100,3,2;3;4
24381,0x5F3D,0101111100111101,000000000000000000000000000000000001000000000000,1,12
24576,0x6000,0110000000000000,011000000000000000000000000000000000000000000000,2,45;46
24648,0x6048,0110000001001000,000000000000000000000000000000000000000000010100,2,2;4
24914,0x6152,0110000101010010,000000000000000000000010000000000000000000000000,1,25
25047,0x61D7,0110000111010111,000000000000000000000000000000000000100000000000,1,11
25161,0x6249,0110001001001001,000000000000000000000011110000000000000000000000,4,22;23;24;25
25167,0x624F,0110001001001111,000000000000000000000000000000010010000000000000,2,13;16
25240,0x6298,0110001010011000,000000000000000000000000000001011000000000000000,3,15;16;18
25325,0x62ED,0110001011101101,000000000000000001011000000000000000000000000000,3,27;28;30
25509,0x63A5,0110001110100101,000000000000000000000000000000011000000000000000,2,15;16
25569,0x63E1,0110001111100001,000000000000000000000000000000000000010010000000,2,7;10
26137,0x6619,0110011000011001,000000000000000000000000000000000000000000111000,3,3;4;5
26624,0x6800,0110100000000000,011010000000000000000000000000000000000000000000,3,43;45;46
26767,0x688F,0110100010001111,000000000000000001010000000000000000000000000000,2,28;30
27440,0x6B30,0110101100110000,000000000000000000001010000000000000000000000000,2,25;27
28289,0x6E81,0110111010000001,000000000000000000000000001101000000000000000000,3,18;20;21
28597,0x6FB5,0110111110110101,000000000000000000000000000000000000000000010010,2,1;4
28604,0x6FBC,0110111110111100,000000000000000000000000001100000000000000000000,2,20;21
28672,0x7000,0111000000000000,011100000000000000000000000000000000000000000000,3,44;45;46
29862,0x74A6,0111010010100110,000000000000000000000000000000010000000000000000,1,16
30028,0x754C,0111010101001100,000000000000000000000000000000011010000000000000,3,13;15;16
30058,0x756A,0111010101101010,000000000000000000000000011010000000000000000000,3,19;21;22
30107,0x759B,0111010110011011,000000000000000000000000000001010000000000000000,2,16;18
30188,0x75EC,0111010111101100,000000000000000000100100000000000000000000000000,2,26;29
30238,0x761E,0111011000011110,000000000000000000001111000000000000000000000000,4,24;25;26;27
30279,0x7647,0111011001000111,000000000000000000000000000000000000000001111000,4,3;4;5;6
30357,0x7695,0111011010010101,000000000000000000000000000101100000000000000000,3,17;18;20
30456,0x76F8,0111011011111000,000000000000000111100000000000000000000000000000,4,29;30;31;32
30457,0x76F9,0111011011111001,000000000000000011100000000000000000000000000000,3,29;30;31
30526,0x773E,0111011100111110,000000000000000000000000000000000010100000000000,2,11;13
30632,0x77A8,0111011110101000,000000000000000000000000000100100000000000000000,2,17;20
30720,0x7800,0111100000000000,011110000000000000000000000000000000000000000000,4,43;44;45;46
30742,0x7816,0111100000010110,000000000000000000000000000000000000011000000000,2,9;10
30886,0x78A6,0111100010100110,000000000000000000000001011000000000000000000000,3,21;22;24
31677,0x7BBD,0111101110111101,000000000000000000000000101000000000000000000000,2,21;23
31868,0x7C7C,0111110001111100,000000000000000000000111000000000000000000000000,3,24;25;26
32654,0x7F8E,0111111110001110,000000000000000000101100000000000000000000000000,3,26;27;29
32768,0x8000,1000000000000000,100000000000000000000000000000000000000000000000,1,47
33337,0x8239,1000001000111001,000000000000000010010000000000000000000000000000,2,28;31
33427,0x8293,1000001010010011,000000000000000000001110000000000000000000000000,3,25;26;27
33969,0x84B1,1000010010110001,000000000000000000000000000000000011010000000000,3,10;12;13
34231,0x85B7,1000010110110111,000000000000000000000000000000000000000001011000,3,3;4;6
35057,0x88F1,1000100011110001,000000000000000000000110000000000000000000000000,2,25;26
35737,0x8B99,1000101110011001,000000000000000000000000000000000001101000000000,3,9;11;12
35883,0x8C2B,1000110000101011,000000000000000000000000011000000000000000000000,2,21;22
36058,0x8CDA,1000110011011010,000000000000000000000000000011010000000000000000,3,16;18;19
36110,0x8D0E,1000110100001110,000000000000000000000000000000000000011110000000,4,7;8;9;10
36327,0x8DE7,1000110111100111,000000000000000000000000000010010000000000000000,2,16;19
36466,0x8E72,1000111001110010,000000000000000000000000000000001100000000000000,2,14;15
36585,0x8EE9,1000111011101001,000000000000000000000000000110100000000000000000,3,17;19;20
36656,0x8F30,1000111100110000,000000000000000000000001101000000000000000000000,3,21;23;24
36664,0x8F38,1000111100111000,000000000000000000000000000000000000101100000000,3,8;9;11
36760,0x8F98,1000111110011000,000000000000000000000000000000000110000000000000,2,13;14
36820,0x8FD4,1000111111010100,000000000000000000000000000111100000000000000000,4,17;18;19;20
36864,0x9000,1001000000000000,100100000000000000000000000000000000000000000000,2,44;47
37464,0x9258,1001001001011000,000000000000000000000000000000000001010000000000,2,10;12
37816,0x93B8,1001001110111000,000000000000000000000000000000000000000000110100,3,2;4;5
38367,0x95DF,1001010111011111,000000000000000000000011000000000000000000000000,2,24;25
38377,0x95E9,1001010111101001,000000000000000000000000000000000000000000011000,2,3;4
38445,0x962D,1001011000101101,000000000000000000101000000000000000000000000000,2,27;29
38596,0x96C4,1001011011000100,000000000000000000000010110000000000000000000000,3,22;23;25
38649,0x96F9,1001011011111001,000000000000000000000000000000000000010100000000,2,8;10
38653,0x96FD,1001011011111101,000000000000000000000000001110000000000000000000,3,19;20;21
38848,0x97C0,1001011111000000,000000000000000000000000001111000000000000000000,4,18;19;20;21
38954,0x982A,1001100000101010,000000000000000000000000111100000000000000000000,4,20;21;22;23
39067,0x989B,1001100010011011,000000000000000000000000000000001110000000000000,3,13;14;15
39281,0x9971,1001100101110001,000000000000000000000000000000000100000000000000,1,14
39444,0x9A14,1001101000010100,000000000000000000000000000000000000000000011110,4,1;2;3;4
40014,0x9C4E,1001110001001110,000000000000000100100000000000000000000000000000,2,29;32
40015,0x9C4F,1001110001001111,000000000000000000100000000000000000000000000000,1,29
40893,0x9FBD,1001111110111101,000000000000000000001011000000000000000000000000,3,24;25;27
40960,0xA000,1010000000000000,101000000000000000000000000000000000000000000000,2,45;47
40970,0xA00A,1010000000001010,000000000000000000000000000000110100000000000000,3,14;16;17
41284,0xA144,1010000101000100,000000000000000000000001001000000000000000000000,2,21;24
41567,0xA25F,1010001001011111,000000000000000000000000111000000000000000000000,3,21;22;23
42285,0xA52D,1010010100101101,000000000000000000000000000000000000001001000000,2,6;9
42366,0xA57E,1010010101111110,000000000000000000000000000000000000000000010110,3,1;2;4
42480,0xA5F0,1010010111110000,000000000000001101000000000000000000000000000000,3,30;32;33
42481,0xA5F1,1010010111110001,000000000000001001000000000000000000000000000000,2,30;33
42482,0xA5F2,1010010111110010,000000000000000101000000000000000000000000000000,2,30;32
42483,0xA5F3,1010010111110011,000000000000000001000000000000000000000000000000,1,30
42572,0xA64C,1010011001001100,000000000000000000011010000000000000000000000000,3,25;27;28
42629,0xA685,1010011010000101,000000000000000000000110100000000000000000000000,3,23;25;26
42907,0xA79B,1010011110011011,000000000000000000000000000000000101100000000000,3,11;12;14
43116,0xA86C,1010100001101100,000000000000000000000000000000000000000100100000,2,5;8
43651,0xAA83,1010101010000011,000000000000000000000000000000000000000000010000,1,4
44078,0xAC2E,1010110000101110,000000000000000000010010000000000000000000000000,2,25;28
44168,0xAC88,1010110010001000,000000000000000000000000001010000000000000000000,2,19;21
44210,0xACB2,1010110010110010,000000000000000000000000000000000000110000000000,2,10;11
44242,0xACD2,1010110011010010,000000000000000000000000000000000000000000111100,4,2;3;4;5
44469,0xADB5,1010110110110101,000000000000000000000000001011000000000000000000,3,18;19;21
44676,0xAE84,1010111010000100,000000000000000000000000000000000000000010000000,1,7
44945,0xAF91,1010111110010001,000000000000000001001000000000000000000000000000,2,27;30
45056,0xB000,1011000000000000,101100000000000000000000000000000000000000000000,3,44;45;47
45426,0xB172,1011000101110010,000000000000000000000000000000000111100000000000,4,11;12;13;14
45810,0xB2F2,1011001011110010,000000000000000000111100000000000000000000000000,4,26;27;28;29
46236,0xB49C,1011010010011100,000000000000000000000000000010100000000000000000,2,17;19
46451,0xB573,1011010101110011,000000000000000000000000000000000000001000000000,1,9
46497,0xB5A1,1011010110100001,000000000000000000000000000011100000000000000000,3,17;18;19
46686,0xB65E,1011011001011110,000000000000000000000000011100000000000000000000,3,20;21;22
46857,0xB709,1011011100001001,000000000000000000000000000000111100000000000000,4,14;15;16;17
47154,0xB832,1011100000110010,000000000000000000000000000000000000000101100000,3,5;6;8
47248,0xB890,1011100010010000,000000000000000000110100000000000000000000000000,3,26;28;29
47280,0xB8B0,1011100010110000,000000000000000000000010010000000000000000000000,2,22;25
47707,0xBA5B,1011101001011011,000000000000000000000000000000000010110000000000,3,10;11;13
47837,0xBADD,1011101011011101,000000000000000000000000000000000000000001010000,2,4;6
48005,0xBB85,1011101110000101,000000000000000011110000000000000000000000000000,4,28;29;30;31
48043,0xBBAB,1011101110101011,000000000000000000000011100000000000000000000000,3,23;24;25
48858,0xBEDA,1011111011011010,000000000000000000000000000000000000000011000000,2,6;7
49152,0xC000,1100000000000000,110000000000000000000000000000000000000000000000,2,46;47
49210,0xC03A,1100000000111010,000000000000000000000000000010110000000000000000,3,16;17;19
49415,0xC107,1100000100000111,000000000000000000000000000011110000000000000000,4,16;17;18;19
49673,0xC209,1100001000001001,000000000000000000000000000111000000000000000000,3,18;19;20
49972,0xC334,1100001100110100,000000000000000000000000000110000000000000000000,2,19;20
50094,0xC3AE,1100001110101110,000000000000000000000000000000000000000000000011,2,0;1
50095,0xC3AF,1100001110101111,000000000000000000000000000000101100000000000000,3,14;15;17
50486,0xC536,1100010100110110,000000000000000000000000000000000000000000000010,1,1
50764,0xC64C,1100011001001100,000000000000000000000000000000000101000000000000,2,12;14
50974,0xC71E,1100011100011110,000000000000000000011000000000000000000000000000,2,27;28
51110,0xC7A6,1100011110100110,000000000000000000000000000000001111000000000000,4,12;13;14;15
51159,0xC7D7,1100011111010111,000000000000000000000100100000000000000000000000,2,23;26
51915,0xCACB,1100101011001011,000000000000000000000000000000000000000000000100,1,2
52307,0xCC53,1100110001010011,000000000000000000000000000000000000000000000101,2,0;2
52378,0xCC9A,1100110010011010,000000000000000000000000000000000000000000101000,2,3;5
52581,0xCD65,1100110101100101,000000000000000000000000000000000000010000000000,1,10
52604,0xCD7C,1100110101111100,000000000000000000010000000000000000000000000000,1,28
52707,0xCDE3,1100110111100011,000000000000000000000000110100000000000000000000,3,20;22;23
53248,0xD000,1101000000000000,110100000000000000000000000000000000000000000000,3,44;46;47
53413,0xD0A5,1101000010100101,000000000000000000000000000000000111000000000000,3,12;13;14
53583,0xD14F,1101000101001111,000000000000000000000000000000001101000000000000,3,12;14;15
54026,0xD30A,1101001100001010,000000000000000010100000000000000000000000000000,2,29;31
54027,0xD30B,1101001100001011,000000000000000110100000000000000000000000000000,3,29;31;32
54436,0xD4A4,1101010010100100,000000000000000000000000000000000000101000000000,2,9;11
54444,0xD4AC,1101010010101100,000000000000000000000000000000100100000000000000,2,14;17
54930,0xD692,1101011010010010,000000000000000000000000000000000000011010000000,3,7;9;10
55778,0xD9E2,1101100111100010,000000000000000000000000010000000000000000000000,1,22
56057,0xDAF9,1101101011111001,000000000000000000000001100000000000000000000000,2,23;24
56204,0xDB8C,1101101110001100,000000000000000000000000000000000010010000000000,2,10;13
56516,0xDCC4,1101110011000100,000000000000000000000000000000000000000001101000,3,3;5;6
57344,0xE000,1110000000000000,111000000000000000000000000000000000000000000000,3,45;46;47
58263,0xE397,1110001110010111,000000000000000000000000010100000000000000000000,2,20;22
58286,0xE3AE,1110001110101110,000000000000000000000000000000000000000001100000,2,5;6
58305,0xE3C1,1110001111000001,000000000000000000001100000000000000000000000000,2,26;27
58694,0xE546,1110010101000110,000000000000000000000000000000000000000111000000,3,6;7;8
58726,0xE566,1110010101100110,000000000000000000000000000000000011110000000000,4,10;11;12;13
59305,0xE7A9,1110011110101001,000000000000000000000000000000000000000011110000,4,4;5;6;7
59811,0xE9A3,1110100110100011,000000000000000000000100000000000000000000000000,1,26
59982,0xEA4E,1110101001001110,000000000000000000000000000000000001001000000000,2,9;12
60084,0xEAB4,1110101010110100,000000000000001011000000000000000000000000000000,3,30;31;33
60085,0xEAB5,1110101010110101,000000000000001111000000000000000000000000000000,4,30;31;32;33
60086,0xEAB6,1110101010110110,000000000000000011000000000000000000000000000000,2,30;31
60087,0xEAB7,1110101010110111,000000000000000111000000000000000000000000000000,3,30;31;32
60477,0xEC3D,1110110000111101,000000000000000000000000000000011110000000000000,4,13;14;15;16
60887,0xEDD7,1110110111010111,000000000000000000000000000000010100000000000000,2,14;16
61007,0xEE4F,1110111001001111,000000000000000000000000000000000110100000000000,3,11;13;14
61167,0xEEEF,1110111011101111,000000000000000000000000000000000000001100000000,2,8;9
61440,0xF000,1111000000000000,111100000000000000000000000000000000000000000000,4,44;45;46;47
62265,0xF339,1111001100111001,000000000000000000000000000000000000000000001101,3,0;2;3
62351,0xF38F,1111001110001111,000000000000000000000000000000000001110000000000,3,10;11;12
62448,0xF3F0,1111001111110000,000000000000000000000000000000000000000000100000,1,5
62605,0xF48D,1111010010001101,000000000000000000000001000000000000000000000000,1,24
62656,0xF4C0,1111010011000000,000000000000000001110000000000000000000000000000,3,28;29;30
62744,0xF518,1111010100011000,000000000000000000000000000000000000000110000000,2,7;8
62881,0xF5A1,1111010110100001,000000000000000000000000000000000000000000001100,2,2;3
63278,0xF72E,1111011100101110,000000000000000000000000000000000000110100000000,3,8;10;11
63382,0xF796,1111011110010110,000000000000000000000000110000000000000000000000,2,22;23
63479,0xF7F7,1111011111110111,000000000000000000000000000000000000000010110000,3,4;5;7
63612,0xF87C,1111100001111100,000000000000000000000000000011000000000000000000,2,18;19
63654,0xF8A6,1111100010100110,000000000000000000000000000000000100100000000000,2,11;14
63809,0xF941,1111100101000001,000000000000000000000000000010000000000000000000,1,19
64092,0xFA5C,1111101001011100,000000000000000000000000000000000000000000001010,2,1;3
64212,0xFAD4,1111101011010100,000000000000000000000000000000011100000000000000,3,14;15;16
64318,0xFB3E,1111101100111110,000000000000000000000000000000010110000000000000,3,13;14;16
64708,0xFCC4,1111110011000100,000000000000000000000000000000000000000000001011,3,0;1;3
65186,0xFEA2,1111111010100010,000000000000000001111000000000000000000000000000,4,27;28;29;30
65201,0xFEB1,1111111010110001,000000000000000000000000000000000000001101000000,3,6;8;9
65263,0xFEEF,1111111011101111,000000000000000000001001000000000000000000000000,2,24;27
